[{"name":"青花瓷","artist":"周杰伦","url":"https://npm.elemecdn.com/anzhiyu-music@1.0.4/青花瓷/青花瓷.mp3","cover":"https://y.qq.com/music/photo_new/T002R300x300M000002eFUFm2XYZ7z_2.jpg?max_age=2592000","lrc":"https://npm.elemecdn.com/anzhiyu-music@1.0.4/青花瓷/青花瓷.lrc"},{"name":"妄梦","artist":"第五人格/印子月","url":"https://music.163.com/#/song?id=2120700804","cover":"http://p2.music.126.net/l9B5UBVql3Y2GY6gn4HSvA==/109951169284591625.jpg?param=130y130","lrc":""},{"name":"青花瓷","artist":"周杰伦","url":"https://npm.elemecdn.com/anzhiyu-music@1.0.4/青花瓷/青花瓷.mp3","cover":"https://y.qq.com/music/photo_new/T002R300x300M000002eFUFm2XYZ7z_2.jpg?max_age=2592000","lrc":"https://npm.elemecdn.com/anzhiyu-music@1.0.4/青花瓷/青花瓷.lrc"},{"name":"稻香","artist":"周杰伦","url":"https://npm.elemecdn.com/anzhiyu-music@1.0.1/周杰伦/稻香/稻香.mp3","cover":"https://y.qq.com/music/photo_new/T002R300x300M000002Neh8l0uciQZ_1.jpg?max_age=2592000","lrc":"https://npm.elemecdn.com/anzhiyu-music@1.0.1/周杰伦/稻香/稻香.lrc"},{"name":"晴天","artist":"周杰伦","url":"https://npm.elemecdn.com/anzhiyu-music@1.0.2/晴天/晴天.mp3","cover":"https://y.qq.com/music/photo_new/T002R300x300M000000MkMni19ClKG_3.jpg?max_age=2592000","lrc":"https://npm.elemecdn.com/anzhiyu-music@1.0.2/晴天/晴天.lrc"},{"name":"七里香","artist":"周杰伦","url":"https://npm.elemecdn.com/anzhiyu-music@1.0.2/七里香/七里香.mp3","cover":"https://y.qq.com/music/photo_new/T002R300x300M000003DFRzD192KKD_1.jpg?max_age=2592000","lrc":"https://npm.elemecdn.com/anzhiyu-music@1.0.2/七里香/七里香.lrc"},{"name":"花海","artist":"周杰伦","url":"https://npm.elemecdn.com/anzhiyu-music-jay@1.0.1/花海/花海.flac","cover":"https://y.qq.com/music/photo_new/T002R300x300M000002Neh8l0uciQZ_1.jpg?max_age=2592000","lrc":"https://npm.elemecdn.com/anzhiyu-music-jay@1.0.1/花海/花海.lrc"},{"name":"反方向的钟","artist":"周杰伦","url":"https://npm.elemecdn.com/anzhiyu-music-jay@1.0.1/反方向的钟/反方向的钟.flac","cover":"https://y.qq.com/music/photo_new/T002R300x300M000000f01724fd7TH_1.jpg?max_age=2592000","lrc":"https://npm.elemecdn.com/anzhiyu-music-jay@1.0.1/反方向的钟/反方向的钟.lrc"},{"name":"兰亭序","artist":"周杰伦","url":"https://npm.elemecdn.com/anzhiyu-music@1.0.1/周杰伦/兰亭序/兰亭序.mp3","cover":"https://y.qq.com/music/photo_new/T002R300x300M000002Neh8l0uciQZ_1.jpg?max_age=2592000","lrc":"https://npm.elemecdn.com/anzhiyu-music@1.0.1/周杰伦/兰亭序/兰亭序.lrc"},{"name":"说好的辛福呢","artist":"周杰伦","url":"https://npm.elemecdn.com/anzhiyu-music@1.0.2/说好的辛福呢/说好的辛福呢.mp3","cover":"https://y.qq.com/music/photo_new/T002R300x300M000002Neh8l0uciQZ_1.jpg?max_age=2592000","lrc":"https://npm.elemecdn.com/anzhiyu-music@1.0.2/说好的辛福呢/说好的幸福呢.lrc"},{"name":"等你下课 (with 杨瑞代)","artist":"周杰伦","url":"https://npm.elemecdn.com/anzhiyu-music@1.0.1/周杰伦/等你下课/等你下课.mp3","cover":"https://y.qq.com/music/photo_new/T002R300x300M000003bSL0v4bpKAx_1.jpg?max_age=2592000","lrc":"https://npm.elemecdn.com/anzhiyu-music@1.0.1/周杰伦/等你下课/等你下课.lrc"},{"name":"我落泪情绪零碎","artist":"周杰伦","url":"https://npm.elemecdn.com/anzhiyu-music@1.0.2/我落泪情绪零碎/我落泪情绪零碎.mp3","cover":"https://y.qq.com/music/photo_new/T002R300x300M000000bviBl4FjTpO_1.jpg?max_age=2592000","lrc":"https://npm.elemecdn.com/anzhiyu-music@1.0.2/我落泪情绪零碎/我落泪情绪零碎.lrc"},{"name":"听妈妈的话","artist":"周杰伦","url":"https://npm.elemecdn.com/anzhiyu-music@1.0.2/听妈妈的话/听妈妈的话.mp3","cover":"https://y.qq.com/music/photo_new/T002R300x300M000002jLGWe16Tf1H_1.jpg?max_age=2592000","lrc":"https://npm.elemecdn.com/anzhiyu-music@1.0.2/听妈妈的话/听妈妈的话.lrc"},{"name":"明明就","artist":"周杰伦","url":"https://npm.elemecdn.com/anzhiyu-music-jay@1.0.1/明明就/明明就.flac","cover":"https://y.qq.com/music/photo_new/T002R300x300M000003Ow85E3pnoqi_1.jpg?max_age=2592000","lrc":"https://npm.elemecdn.com/anzhiyu-music-jay@1.0.1/明明就/明明就.lrc"},{"name":"我是如此相信","artist":"周杰伦","url":"https://npm.elemecdn.com/anzhiyu-music-jay@1.0.1/我是如此相信/我是如此相信.flac","cover":"https://y.qq.com/music/photo_new/T002R300x300M000001hGx1Z0so1YX_1.jpg?max_age=2592000","lrc":"https://npm.elemecdn.com/anzhiyu-music-jay@1.0.1/我是如此相信/我是如此相信.lrc"},{"name":"发如雪","artist":"周杰伦","url":"https://npm.elemecdn.com/anzhiyu-music@1.0.3/发如雪/发如雪.mp3","cover":"https://y.qq.com/music/photo_new/T002R300x300M0000024bjiL2aocxT_3.jpg?max_age=2592000","lrc":"https://npm.elemecdn.com/anzhiyu-music@1.0.3/发如雪/发如雪.lrc"},{"name":"以父之名","artist":"周杰伦","url":"https://npm.elemecdn.com/anzhiyu-music@1.0.3/以父之名/以父之名.mp3","cover":"https://y.qq.com/music/photo_new/T002R300x300M000000MkMni19ClKG_3.jpg?max_age=2592000","lrc":"https://npm.elemecdn.com/anzhiyu-music@1.0.3/以父之名/以父之名.lrc"},{"name":"园游会","artist":"周杰伦","url":"https://npm.elemecdn.com/anzhiyu-music@1.0.3/园游会/园游会.flac","cover":"https://y.qq.com/music/photo_new/T002R300x300M000003DFRzD192KKD_1.jpg?max_age=2592000","lrc":"https://npm.elemecdn.com/anzhiyu-music@1.0.3/园游会/园游会.lrc"},{"name":"本草纲目","artist":"周杰伦","url":"https://npm.elemecdn.com/anzhiyu-music@1.0.4/本草纲目/本草纲目.mp3","cover":"https://y.qq.com/music/photo_new/T002R300x300M000002jLGWe16Tf1H_1.jpg?max_age=2592000","lrc":"https://npm.elemecdn.com/anzhiyu-music@1.0.4/本草纲目/本草纲目.lrc"},{"name":"龙卷风","artist":"周杰伦","url":"https://npm.elemecdn.com/anzhiyu-music@1.0.4/龙卷风/龙卷风.mp3","cover":"https://y.qq.com/music/photo_new/T002R300x300M000000f01724fd7TH_1.jpg?max_age=2592000","lrc":"https://npm.elemecdn.com/anzhiyu-music@1.0.4/龙卷风/龙卷风.lrc"}]